case_id,application_date,application_time,applicant_name,age,province,city,postal_code,email,phone,employer_name,job_title,claimed_monthly_income,observed_monthly_deposits,bank_account_age_months,bank_name,device_id,ip_address,email_domain,phone_prefix,address_match_flag,income_mismatch_flag,employer_verification_flag,device_reuse_count,ip_reuse_count,bank_account_risk,identity_risk,first_party_fraud_risk,synthetic_identity_risk,fraud_label,manual_review_priority,analyst_notes
FR-001,2026-01-05,09:14:32,James Holloway,34,Ontario,Toronto,M5V 2T6,james.holloway@gmail.com,416-555-0192,Meridian Staffing Inc.,Project Coordinator,5800,5650,48,TD Bank,DEV-8821-A,192.168.10.45,gmail.com,416,true,false,verified,1,1,low,low,low,low,legitimate,low,Income and deposits align well. Long-standing account. No flags.
FR-002,2026-01-06,11:30:05,Sandra Tran,29,British Columbia,Vancouver,V6B 1A3,sandra.tran88@gmail.com,604-555-0341,Pacific Consulting Group,Financial Analyst,7200,7050,60,RBC,DEV-4412-B,172.16.45.22,gmail.com,604,true,false,verified,1,1,low,low,low,low,legitimate,low,Stable employment history. Consistent deposits. Clean profile.
FR-003,2026-01-08,14:22:11,Kevin Bright,41,Alberta,Calgary,T2P 3B7,kbright_work@outlook.com,403-555-0884,Bright Solutions Ltd.,Senior Manager,9500,9200,72,Scotiabank,DEV-2295-C,10.0.0.78,outlook.com,403,true,false,verified,1,1,low,low,low,low,legitimate,low,Long tenure at employer. Account age confirms stability. No concerns.
FR-004,2026-01-09,08:55:44,Maria Delgado,37,Quebec,Montreal,H2X 1Y4,maria.delgado@hotmail.com,514-555-0217,NovaTech Industries,Software Engineer,8100,7900,55,National Bank,DEV-7743-D,192.168.10.45,hotmail.com,514,true,false,verified,1,2,low,low,low,low,legitimate,low,Shares IP with FR-001 but different device. Likely shared network. Income verified.
FR-005,2026-01-10,10:18:27,Daniel Forde,26,Ontario,Mississauga,L5B 2C4,d.forde2000@gmail.com,905-555-0673,Forde Enterprises,Self-Employed,6500,1800,3,TD Bank,DEV-9910-E,203.0.113.55,gmail.com,905,false,true,unverified,1,1,high,medium,high,low,likely_fraud,high,Bank account only 3 months old. Observed deposits far below claimed income ($1800 vs $6500). Employer unverified. Address mismatch.
FR-006,2026-01-11,16:44:09,Priya Mehta,31,Ontario,Brampton,L6T 3K9,priya.mehta_ca@gmail.com,905-555-0421,Meridian Staffing Inc.,HR Coordinator,5200,4900,40,BMO,DEV-8821-A,10.22.33.44,gmail.com,905,true,false,verified,3,1,medium,low,low,low,suspicious,medium,Same device as FR-001 and FR-009. Employer is Meridian Staffing — also appears in FR-001. Device reuse warrants review.
FR-007,2026-01-12,09:02:55,Tyler Quon,23,Manitoba,Winnipeg,R3C 0A5,tylerquon99@yahoo.com,204-555-0198,Peak Distribution Co.,Warehouse Associate,3800,3600,24,CIBC,DEV-3367-F,198.51.100.72,yahoo.com,204,true,false,verified,1,1,low,low,low,low,legitimate,low,Young applicant with modest income. Deposits consistent. No red flags.
FR-008,2026-01-13,13:35:17,Alice Norris,44,Nova Scotia,Halifax,B3H 2A2,alice.norris@gmail.com,902-555-0839,Halifax Regional Health,Registered Nurse,6900,6750,84,RBC,DEV-5521-G,172.16.45.22,gmail.com,902,true,false,verified,1,2,low,low,low,low,legitimate,low,Long account history. Shares IP with FR-002 — likely home ISP rotation. Profession and income align.
FR-009,2026-01-14,11:11:00,Justin Park,27,Ontario,Brampton,L6T 4M2,justinpark27@gmail.com,905-555-0764,Meridian Staffing Inc.,Logistics Coordinator,5500,1200,2,TD Bank,DEV-8821-A,10.22.33.44,gmail.com,905,false,true,unverified,3,2,high,high,high,medium,likely_fraud,high,Third application with device DEV-8821-A. Bank account 2 months old. Deposits only $1200 vs $5500 claimed. Shares IP with FR-006. Meridian Staffing appears suspicious — used by 3 applicants.
FR-010,2026-01-15,08:20:44,Natalie Osei,33,Ontario,Toronto,M4C 1B6,nat.osei2023@gmail.com,416-555-0503,NovaTech Industries,UX Designer,7400,7100,36,TD Bank,DEV-6634-H,203.0.113.19,gmail.com,416,true,false,verified,1,1,low,low,low,low,legitimate,low,Income and deposits match. Verified employer. Clean history.
FR-011,2026-01-16,15:55:30,Ethan Brooks,38,British Columbia,Surrey,V3S 4N8,e.brooks_pro@gmail.com,778-555-0287,Westline Holdings,Operations Director,12000,2900,4,BMO,DEV-7751-I,203.0.113.55,gmail.com,778,false,true,unverified,2,2,high,high,high,medium,likely_fraud,high,Major income mismatch ($12,000 vs $2,900 deposits). New account (4 months). Employer unverified. Shares IP with FR-005. Device shared with FR-015.
FR-012,2026-01-17,10:40:22,Rebecca Chu,29,Alberta,Edmonton,T5J 1M5,rebeccachu_1997@gmail.com,780-555-0645,Nordex Retail Group,Store Manager,4800,4600,30,ATB Financial,DEV-2295-C,10.0.0.78,gmail.com,780,true,false,verified,2,2,low,low,low,low,legitimate,low,Shares device with FR-003 — same household likely. Deposits consistent with claimed income.
FR-013,2026-01-18,12:25:08,Marcus Webb,47,Ontario,Ottawa,K1P 5G8,marcuswebb_fin@outlook.com,613-555-0392,Capital Advisory Partners,Senior Advisor,10500,10200,96,Scotiabank,DEV-4489-J,192.168.88.10,outlook.com,613,true,false,verified,1,1,low,low,low,low,legitimate,low,Long-tenured employee. Excellent account history. No flags.
FR-014,2026-01-19,09:30:00,Lily Nguyen,25,Quebec,Laval,H7N 3Z2,lily.nguyen25@gmail.com,450-555-0118,Laval Creative Studio,Graphic Designer,4200,4000,18,National Bank,DEV-3310-K,10.33.55.77,gmail.com,450,true,false,verified,1,1,low,low,low,low,legitimate,low,Younger applicant with modest but consistent income. No concerns.
FR-015,2026-01-20,17:02:45,Brandon Simms,30,British Columbia,Burnaby,V5H 4G3,brandon.simms90@gmail.com,604-555-0756,Westline Holdings,Regional Manager,11500,2600,3,RBC,DEV-7751-I,198.51.100.12,gmail.com,604,false,true,unverified,2,1,high,high,high,high,likely_fraud,high,Same employer as FR-011 (Westline Holdings — unverifiable). Same device as FR-011. Account 3 months old. Deposits of $2,600 vs $11,500 claimed. Coordinated fraud pattern suspected.
FR-016,2026-01-21,10:05:18,Amara Diallo,36,Ontario,Toronto,M6K 2P3,amara.d.ca@hotmail.com,416-555-0944,Maple Bridge Solutions,Accounts Payable,5600,5400,42,BMO,DEV-9923-L,10.44.66.88,hotmail.com,416,true,false,verified,1,1,low,low,low,low,legitimate,low,Consistent income and deposits. Long account history. Verified employment.
FR-017,2026-01-22,14:18:55,Chris Vance,28,Saskatchewan,Saskatoon,S7K 0J5,cvance_sk28@gmail.com,306-555-0231,Prairie Tech Services,IT Support,4100,3900,22,CWB Financial,DEV-6612-M,172.31.99.14,gmail.com,306,true,false,verified,1,1,low,low,low,low,legitimate,low,No anomalies. Employment and financials align.
FR-018,2026-01-23,09:48:30,Vanessa Lowe,32,Ontario,Hamilton,L8P 4V2,v.lowe_apply@gmail.com,905-555-0867,Forde Enterprises,Administrative Assistant,3900,700,2,TD Bank,DEV-5580-N,203.0.113.55,gmail.com,905,false,true,unverified,1,3,high,high,medium,high,likely_fraud,high,Employer Forde Enterprises also used by FR-005. Bank account only 2 months old. Deposits $700 vs $3,900 claimed. Shares IP with FR-005 and FR-011. Possible synthetic identity — limited credit history found.
FR-019,2026-01-24,11:22:44,Omar Hussain,40,Alberta,Calgary,T2R 0X4,o.hussain.ca@gmail.com,403-555-0175,Peak Distribution Co.,Supply Chain Manager,7800,7500,50,ATB Financial,DEV-8834-O,10.0.88.99,gmail.com,403,true,false,verified,1,1,low,low,low,low,legitimate,low,Stable profile. Consistent employment and deposit history.
FR-020,2026-01-25,13:05:59,Jasmine Roach,22,Ontario,Toronto,M5A 1B2,jasmine.roach22@gmail.com,416-555-0388,Sunrise Media Group,Social Media Coordinator,3600,3400,14,RBC,DEV-1123-P,10.77.22.55,gmail.com,416,true,false,verified,1,1,low,low,low,low,legitimate,low,New to workforce. Income reasonable for role. No concerns.
FR-021,2026-01-26,08:30:12,Derek Fallon,35,New Brunswick,Moncton,E1C 1H4,derekfallon_nb@gmail.com,506-555-0543,Meridian Staffing Inc.,Recruitment Specialist,5100,900,1,TD Bank,DEV-8821-A,10.22.33.44,gmail.com,506,false,true,unverified,4,3,high,high,high,high,likely_fraud,high,Fourth application using device DEV-8821-A. Account opened 1 month ago. Deposits only $900 vs $5,100 claimed. Same IP as FR-006 and FR-009. Meridian Staffing now linked to 4 suspicious applications. Strong coordinated fraud indicator.
FR-022,2026-01-27,15:44:38,Patricia Holm,50,Ontario,Kitchener,N2G 4L5,p.holm.finance@outlook.com,519-555-0729,Holm & Associates,Principal Consultant,13000,12500,120,BMO,DEV-4467-Q,192.168.77.33,outlook.com,519,true,false,verified,1,1,low,low,low,low,legitimate,low,High-income professional. Account history excellent. No concerns.
FR-023,2026-01-28,10:10:10,Leo Barker,24,British Columbia,Victoria,V8V 3W8,leo.barker_vc@gmail.com,250-555-0662,Westline Holdings,Junior Analyst,9200,1500,2,RBC,DEV-7751-I,198.51.100.12,gmail.com,250,false,true,unverified,3,2,high,high,high,high,likely_fraud,high,Third application linked to device DEV-7751-I (also FR-011, FR-015). Westline Holdings appears in all three — employer likely fictitious. Account 2 months old. Deposits $1,500 vs $9,200 claimed. Coordinated fraud ring suspected.
FR-024,2026-01-29,11:55:20,Ingrid Solberg,43,Ontario,London,N6A 3N7,ingrid.solberg43@gmail.com,519-555-0831,Ontario Health Services,Clinical Manager,8800,8600,66,TD Bank,DEV-3398-R,10.55.44.33,gmail.com,519,true,false,verified,1,1,low,low,low,low,legitimate,low,Strong profile. Healthcare employment verified. Consistent financials.
FR-025,2026-01-30,09:05:55,Raymond Eck,31,Quebec,Quebec City,G1R 2J6,raymond.eck31@hotmail.com,418-555-0274,Forde Enterprises,Operations Assistant,4400,3950,8,National Bank,DEV-6678-S,203.0.113.55,hotmail.com,418,true,true,unverified,1,4,medium,medium,medium,medium,suspicious,medium,Employer Forde Enterprises now linked to FR-005 and FR-018. Account only 8 months old. Minor income mismatch. IP shared with FR-005 FR-011 FR-018. Pattern suggests possible loosely coordinated fraud cell — escalate for manual review.
FR-026,2026-03-21,12:51:55,James Flores,32,Nova Scotia,Sydney,B1P 5E4,james.flores@outlook.com,902-555-2519,Apex Resource Group,Senior Analyst,12942,1908,5,CIBC,DEV-RING4-Y,172.99.55.11,outlook.com,902,false,true,unverified,2,4,high,high,high,high,likely_fraud,high,"Device DEV-RING4-Y shared across multiple applications. Employer Apex Resource Group unverifiable. Account 5 months old. Claimed $12,942 but deposits only $1,908. Coordinated fraud pattern."
FR-027,2026-03-14,09:59:24,Ethan Cooper,40,Newfoundland and Labrador,St. John's,A1C 4Y2,ethancooper47@gmail.com,709-555-2307,Forde Enterprises,Logistics Coordinator,9113,1638,4,National Bank,DEV-RING3-X,203.0.113.55,gmail.com,709,false,true,unverified,3,3,high,high,high,high,likely_fraud,high,"Device DEV-RING3-X shared across multiple applications. Employer Forde Enterprises unverifiable. Account 4 months old. Claimed $9,113 but deposits only $1,638. Coordinated fraud pattern."
FR-028,2026-01-31,12:44:59,Nora Kelly,26,Newfoundland and Labrador,St. John's,A1C 9Z4,nora_kelly_ca@hotmail.com,709-555-7216,Westline Holdings,Regional Director,11608,1828,1,BMO,DEV-7751-I,198.51.100.12,hotmail.com,709,false,true,unverified,2,3,high,high,high,high,likely_fraud,high,"Device DEV-7751-I shared across multiple applications. Employer Westline Holdings unverifiable. Account 1 months old. Claimed $11,608 but deposits only $1,828. Coordinated fraud pattern."
FR-029,2026-02-08,09:13:58,Wyatt Jenkins,42,Quebec,Gatineau,J8X 7W8,w.jenkins@hotmail.com,514-555-3287,Pinnacle Talent Group,Financial Advisor,12119,2894,4,ATB Financial,DEV-RING5-Z,10.88.77.22,hotmail.com,514,false,true,unverified,4,2,high,high,high,medium,likely_fraud,high,"Device DEV-RING5-Z shared across multiple applications. Employer Pinnacle Talent Group unverifiable. Account 4 months old. Claimed $12,119 but deposits only $2,894. Coordinated fraud pattern."
FR-030,2026-03-11,15:05:48,Tyler Simms,31,Alberta,Lethbridge,T1J 2N7,tyler_simms_ca@icloud.com,403-555-9669,Apex Resource Group,Operations Manager,11572,3452,1,CIBC,DEV-RING4-Y,172.99.55.11,icloud.com,403,false,true,unverified,4,2,high,high,high,high,likely_fraud,high,"Device DEV-RING4-Y shared across multiple applications. Employer Apex Resource Group unverifiable. Account 1 months old. Claimed $11,572 but deposits only $3,452. Coordinated fraud pattern."
FR-031,2026-03-01,10:29:00,Oliver Perry,38,Prince Edward Island,Charlottetown,C1A 9D5,oliverperry29@icloud.com,902-555-7126,Westline Holdings,Operations Manager,10906,1827,4,TD Bank,DEV-7751-I,198.51.100.12,icloud.com,902,false,true,unverified,2,3,high,high,high,high,likely_fraud,high,"Device DEV-7751-I shared across multiple applications. Employer Westline Holdings unverifiable. Account 4 months old. Claimed $10,906 but deposits only $1,827. Coordinated fraud pattern."
FR-032,2026-02-04,08:15:56,Wyatt Brooks,27,New Brunswick,Moncton,E1C 9E3,wyattbrooks43@yahoo.com,506-555-9645,Westline Holdings,Project Lead,13900,2235,5,BMO,DEV-7751-I,198.51.100.12,yahoo.com,506,false,true,unverified,4,3,high,high,high,high,likely_fraud,high,"Device DEV-7751-I shared across multiple applications. Employer Westline Holdings unverifiable. Account 5 months old. Claimed $13,900 but deposits only $2,235. Coordinated fraud pattern."
FR-033,2026-03-02,16:28:07,Elena Taylor,26,Saskatchewan,Saskatoon,S7K 9H4,elena.taylor@gmail.com,306-555-1964,Forde Enterprises,Operations Manager,13042,1853,1,BMO,DEV-RING3-X,203.0.113.55,gmail.com,306,false,true,unverified,4,4,high,high,high,high,likely_fraud,high,"Device DEV-RING3-X shared across multiple applications. Employer Forde Enterprises unverifiable. Account 1 months old. Claimed $13,042 but deposits only $1,853. Coordinated fraud pattern."
FR-034,2026-02-01,16:08:46,Riley Howard,52,Quebec,Gatineau,J8X 7G2,riley_howard_ca@gmail.com,514-555-6804,Apex Resource Group,Business Development Rep,13076,3486,1,RBC,DEV-RING4-Y,172.99.55.11,gmail.com,514,false,true,unverified,2,3,high,high,high,high,likely_fraud,high,"Device DEV-RING4-Y shared across multiple applications. Employer Apex Resource Group unverifiable. Account 1 months old. Claimed $13,076 but deposits only $3,486. Coordinated fraud pattern."
FR-035,2026-01-18,11:12:12,Joseph Edwards,30,Nova Scotia,Halifax,B3H 5Q4,joseph_edwards_ca@gmail.com,902-555-2604,Pinnacle Talent Group,Operations Manager,13938,1264,2,Scotiabank,DEV-RING5-Z,10.88.77.22,gmail.com,902,false,true,unverified,5,3,high,high,high,high,likely_fraud,high,"Device DEV-RING5-Z shared across multiple applications. Employer Pinnacle Talent Group unverifiable. Account 2 months old. Claimed $13,938 but deposits only $1,264. Coordinated fraud pattern."
FR-036,2026-02-01,14:57:03,Patricia Carter,22,Nova Scotia,Sydney,B1P 8K7,patricia_carter_ca@icloud.com,902-555-3536,Forde Enterprises,Regional Director,13935,979,5,TD Bank,DEV-RING3-X,203.0.113.55,icloud.com,902,false,true,unverified,4,2,high,high,high,medium,likely_fraud,high,"Device DEV-RING3-X shared across multiple applications. Employer Forde Enterprises unverifiable. Account 5 months old. Claimed $13,935 but deposits only $979. Coordinated fraud pattern."
FR-037,2026-03-20,15:32:58,Grace Fallon,25,Prince Edward Island,Charlottetown,C1A 3C2,grace_fallon_ca@hotmail.com,902-555-2964,Apex Resource Group,Regional Director,10742,2935,1,RBC,DEV-RING4-Y,172.99.55.11,hotmail.com,902,false,true,unverified,5,4,high,high,high,high,likely_fraud,high,"Device DEV-RING4-Y shared across multiple applications. Employer Apex Resource Group unverifiable. Account 1 months old. Claimed $10,742 but deposits only $2,935. Coordinated fraud pattern."
FR-038,2026-02-07,11:42:45,William Thomas,38,Nova Scotia,Halifax,B3H 5Q6,william.thomas@gmail.com,902-555-8508,Meridian Staffing Inc.,Logistics Coordinator,6600,1601,2,CIBC,DEV-8821-A,10.22.33.44,gmail.com,902,false,true,unverified,3,3,high,high,high,medium,likely_fraud,high,"Device DEV-8821-A shared across multiple applications. Employer Meridian Staffing Inc. unverifiable. Account 2 months old. Claimed $6,600 but deposits only $1,601. Coordinated fraud pattern."
FR-039,2026-02-05,13:18:10,Jack Rivera,41,Newfoundland and Labrador,St. John's,A1C 9K2,j.rivera@hotmail.com,709-555-2891,Forde Enterprises,HR Specialist,8231,1654,5,BMO,DEV-RING3-X,203.0.113.55,hotmail.com,709,false,true,unverified,4,2,high,high,high,high,likely_fraud,high,"Device DEV-RING3-X shared across multiple applications. Employer Forde Enterprises unverifiable. Account 5 months old. Claimed $8,231 but deposits only $1,654. Coordinated fraud pattern."
FR-040,2026-03-10,15:16:57,Tyler Chu,49,Manitoba,Winnipeg,R3C 1L3,tylerchu66@outlook.com,204-555-8007,Pinnacle Talent Group,Logistics Coordinator,6616,2308,2,TD Bank,DEV-RING5-Z,10.88.77.22,outlook.com,204,false,true,unverified,4,4,high,high,high,medium,likely_fraud,high,"Device DEV-RING5-Z shared across multiple applications. Employer Pinnacle Talent Group unverifiable. Account 2 months old. Claimed $6,616 but deposits only $2,308. Coordinated fraud pattern."
FR-041,2026-03-01,10:02:19,Henry Foster,24,Saskatchewan,Saskatoon,S7K 4X2,henry_foster_ca@outlook.com,306-555-3532,Forde Enterprises,Regional Director,13082,1165,2,ATB Financial,DEV-RING3-X,203.0.113.55,outlook.com,306,false,true,unverified,2,2,high,high,high,high,likely_fraud,high,"Device DEV-RING3-X shared across multiple applications. Employer Forde Enterprises unverifiable. Account 2 months old. Claimed $13,082 but deposits only $1,165. Coordinated fraud pattern."
FR-042,2026-02-26,11:17:10,Hannah Nguyen,46,Ontario,Windsor,N9A 4G8,h.nguyen@outlook.com,416-555-4728,Meridian Staffing Inc.,Regional Director,9264,1844,3,RBC,DEV-8821-A,10.22.33.44,outlook.com,416,false,true,unverified,4,3,high,high,high,high,likely_fraud,high,"Device DEV-8821-A shared across multiple applications. Employer Meridian Staffing Inc. unverifiable. Account 3 months old. Claimed $9,264 but deposits only $1,844. Coordinated fraud pattern."
FR-043,2026-04-01,16:21:01,Brandon Harris,33,Newfoundland and Labrador,St. John's,A1C 1D7,b.harris@outlook.com,709-555-8149,Apex Resource Group,Logistics Coordinator,9155,2861,2,CIBC,DEV-RING4-Y,172.99.55.11,outlook.com,709,false,true,unverified,2,4,high,high,high,high,likely_fraud,high,"Device DEV-RING4-Y shared across multiple applications. Employer Apex Resource Group unverifiable. Account 2 months old. Claimed $9,155 but deposits only $2,861. Coordinated fraud pattern."
FR-044,2026-01-05,16:59:51,Joseph Barnes,34,Saskatchewan,Regina,S4P 2X6,j.barnes@icloud.com,306-555-3041,Pinnacle Talent Group,Financial Advisor,10154,1766,4,National Bank,DEV-RING5-Z,10.88.77.22,icloud.com,306,false,true,unverified,5,4,high,high,high,high,likely_fraud,high,"Device DEV-RING5-Z shared across multiple applications. Employer Pinnacle Talent Group unverifiable. Account 4 months old. Claimed $10,154 but deposits only $1,766. Coordinated fraud pattern."
FR-045,2026-03-16,10:12:26,Layla Carter,33,Newfoundland and Labrador,St. John's,A1C 7T1,l.carter@outlook.com,709-555-4443,Meridian Staffing Inc.,Senior Analyst,9809,2309,4,BMO,DEV-8821-A,10.22.33.44,outlook.com,709,false,true,unverified,5,4,high,high,high,medium,likely_fraud,high,"Device DEV-8821-A shared across multiple applications. Employer Meridian Staffing Inc. unverifiable. Account 4 months old. Claimed $9,809 but deposits only $2,309. Coordinated fraud pattern."
FR-046,2026-03-30,09:18:32,Isaac Brooks,43,British Columbia,Surrey,V3S 5H4,isaac.brooks@hotmail.com,604-555-1757,Pinnacle Talent Group,Business Development Rep,11007,3647,1,CWB Financial,DEV-RING5-Z,10.88.77.22,hotmail.com,604,false,true,unverified,5,4,high,high,high,medium,likely_fraud,high,"Device DEV-RING5-Z shared across multiple applications. Employer Pinnacle Talent Group unverifiable. Account 1 months old. Claimed $11,007 but deposits only $3,647. Coordinated fraud pattern."
FR-047,2026-04-04,14:31:25,Elena Hussain,22,British Columbia,Victoria,V8V 4F9,elena.hussain@yahoo.com,604-555-5082,Westline Holdings,Logistics Coordinator,9739,1046,4,National Bank,DEV-7751-I,198.51.100.12,yahoo.com,604,false,true,unverified,5,4,high,high,high,high,likely_fraud,high,"Device DEV-7751-I shared across multiple applications. Employer Westline Holdings unverifiable. Account 4 months old. Claimed $9,739 but deposits only $1,046. Coordinated fraud pattern."
FR-048,2026-03-16,15:57:10,Violet Sanchez,50,Manitoba,Winnipeg,R3C 5S8,v.sanchez@hotmail.com,204-555-8206,Westline Holdings,Financial Advisor,7920,1612,3,National Bank,DEV-7751-I,198.51.100.12,hotmail.com,204,false,true,unverified,2,2,high,high,high,medium,likely_fraud,high,"Device DEV-7751-I shared across multiple applications. Employer Westline Holdings unverifiable. Account 3 months old. Claimed $7,920 but deposits only $1,612. Coordinated fraud pattern."
FR-049,2026-02-03,14:44:09,Levi Moore,26,Nova Scotia,Sydney,B1P 6T8,levi.moore@yahoo.com,902-555-4388,Pinnacle Talent Group,Project Lead,13412,660,5,ATB Financial,DEV-RING5-Z,10.88.77.22,yahoo.com,902,false,true,unverified,5,2,high,high,high,high,likely_fraud,high,"Device DEV-RING5-Z shared across multiple applications. Employer Pinnacle Talent Group unverifiable. Account 5 months old. Claimed $13,412 but deposits only $660. Coordinated fraud pattern."
FR-050,2026-02-12,14:54:57,Abigail Bailey,56,Newfoundland and Labrador,St. John's,A1C 8H5,abigail_bailey_ca@yahoo.com,709-555-1475,Meridian Staffing Inc.,Project Lead,11932,1176,4,Scotiabank,DEV-8821-A,10.22.33.44,yahoo.com,709,false,true,unverified,2,3,high,high,high,medium,likely_fraud,high,"Device DEV-8821-A shared across multiple applications. Employer Meridian Staffing Inc. unverifiable. Account 4 months old. Claimed $11,932 but deposits only $1,176. Coordinated fraud pattern."
FR-051,2026-01-15,14:08:55,Sofia Solberg,25,Manitoba,Brandon,R7A 6G8,s.solberg@outlook.com,204-555-7211,Meridian Staffing Inc.,Project Lead,8066,835,4,TD Bank,DEV-8821-A,10.22.33.44,outlook.com,204,false,true,unverified,2,3,high,high,high,medium,likely_fraud,high,"Device DEV-8821-A shared across multiple applications. Employer Meridian Staffing Inc. unverifiable. Account 4 months old. Claimed $8,066 but deposits only $835. Coordinated fraud pattern."
FR-052,2026-03-29,09:49:41,Priya Hughes,23,Quebec,Quebec City,G1R 1V3,priyahughes70@hotmail.com,514-555-2874,Apex Resource Group,Regional Director,9809,3365,3,National Bank,DEV-RING4-Y,172.99.55.11,hotmail.com,514,false,true,unverified,3,4,high,high,high,medium,likely_fraud,high,"Device DEV-RING4-Y shared across multiple applications. Employer Apex Resource Group unverifiable. Account 3 months old. Claimed $9,809 but deposits only $3,365. Coordinated fraud pattern."
FR-053,2026-01-25,12:06:37,Maria Allen,58,Nova Scotia,Sydney,B1P 4C4,m.allen@gmail.com,902-555-2983,Sun Life Financial,Developer,9090,8206,71,CWB Financial,DEV-1672-L,146.219.189.18,gmail.com,902,true,false,verified,1,1,low,low,low,low,legitimate,low,Income and deposits consistent. Verified employment. No flags.
FR-054,2026-01-18,14:23:40,Sebastian Coleman,31,Nova Scotia,Halifax,B3H 9W5,sebastian_coleman_ca@icloud.com,902-555-8616,Kinaxis Inc,Consultant,7495,7696,90,ATB Financial,DEV-5397-K,72.44.142.226,icloud.com,902,true,false,verified,1,1,low,low,low,low,legitimate,low,Income and deposits consistent. Verified employment. No flags.
FR-055,2026-02-17,08:31:54,Ava Solberg,53,Quebec,Laval,H7N 5L5,a.solberg@icloud.com,514-555-1166,Prairie Tech Services,Director,7437,7668,100,CWB Financial,DEV-2402-H,194.208.250.143,icloud.com,514,true,false,verified,1,1,low,low,low,low,legitimate,low,Income and deposits consistent. Verified employment. No flags.
FR-056,2026-03-03,08:05:18,Ahmed Roberts,37,Manitoba,Brandon,R7A 8T9,ahmed_roberts_ca@outlook.com,204-555-6419,Bell Canada,Teacher,8669,8046,113,Scotiabank,DEV-5438-J,74.118.61.185,outlook.com,204,true,false,verified,1,1,low,low,low,low,legitimate,low,Income and deposits consistent. Verified employment. No flags.
FR-057,2026-01-29,11:47:30,Aisha Perry,55,Newfoundland and Labrador,St. John's,A1C 2G5,a.perry@hotmail.com,709-555-3939,BlackBerry Ltd,Manager,5568,5664,114,CWB Financial,DEV-9751-E,80.23.27.142,hotmail.com,709,true,false,verified,1,1,low,low,low,low,legitimate,low,Income and deposits consistent. Verified employment. No flags.
FR-058,2026-01-18,08:36:18,Aiden Morris,50,Saskatchewan,Saskatoon,S7K 1J8,aiden.morris@gmail.com,306-555-7565,Sun Life Financial,Nurse,10318,10527,94,BMO,DEV-1878-E,48.155.43.64,gmail.com,306,true,false,verified,1,1,low,low,low,low,legitimate,low,Income and deposits consistent. Verified employment. No flags.
FR-059,2026-03-12,14:28:58,Jack Hall,49,Manitoba,Winnipeg,R3C 2G4,jack.hall@outlook.com,204-555-3573,Manulife Financial,Advisor,11199,10675,22,BMO,DEV-2229-F,10.209.230.177,outlook.com,204,true,false,verified,1,1,low,low,low,low,legitimate,low,Income and deposits consistent. Verified employment. No flags.
FR-060,2026-02-10,12:44:55,Sebastian Osei,36,Manitoba,Winnipeg,R3C 7D9,sebastianosei44@hotmail.com,204-555-3330,Capital Advisory Partners,Consultant,8482,4562,9,CIBC,DEV-6039-T,201.147.224.32,hotmail.com,204,false,true,partial,1,1,medium,medium,low,low,suspicious,medium,"Income mismatch: claimed $8,482 but observed $4,562. Account 9 months old. Employment partially verified. Monitor."
FR-061,2026-02-15,17:16:01,Rebecca Anderson,58,Newfoundland and Labrador,St. John's,A1C 5U1,rebecca_anderson_ca@hotmail.com,709-555-9502,Halifax Regional Health,Analyst,10190,9853,59,RBC,DEV-3973-S,121.251.46.121,hotmail.com,709,true,false,verified,1,1,low,low,low,low,legitimate,low,Income and deposits consistent. Verified employment. No flags.
FR-062,2026-01-25,13:26:44,Ella Clark,47,Prince Edward Island,Charlottetown,C1A 8C6,e.clark@outlook.com,902-555-2899,BC Ferry Services,Teacher,11994,11534,97,CWB Financial,DEV-9431-A,178.236.211.14,outlook.com,902,true,false,verified,1,1,low,low,low,low,legitimate,low,Income and deposits consistent. Verified employment. No flags.
FR-063,2026-03-26,15:48:03,Nathan Lewis,57,Alberta,Red Deer,T4N 8Y8,nathan.lewis@gmail.com,403-555-4920,Maple Bridge Solutions,Nurse,11060,10194,100,Scotiabank,DEV-1224-R,114.47.115.216,gmail.com,403,true,false,verified,1,1,low,low,low,low,legitimate,low,Income and deposits consistent. Verified employment. No flags.
FR-064,2026-03-09,12:32:45,Mohammed Phillips,52,New Brunswick,Moncton,E1C 8T3,mohammedphillips86@yahoo.com,506-555-9327,Ontario Health Services,Software Engineer,8134,7931,93,CWB Financial,DEV-2143-I,116.174.136.211,yahoo.com,506,true,false,verified,1,1,low,low,low,low,legitimate,low,Income and deposits consistent. Verified employment. No flags.
FR-065,2026-01-24,15:34:30,Lucas Wright,57,Prince Edward Island,Charlottetown,C1A 8L4,lucas_wright_ca@hotmail.com,902-555-4826,Rogers Communications,Specialist,5992,5899,22,Scotiabank,DEV-1715-K,200.242.195.99,hotmail.com,902,true,false,verified,1,1,low,low,low,low,legitimate,low,Income and deposits consistent. Verified employment. No flags.
FR-066,2026-03-10,17:21:55,Marcus Evans,28,Prince Edward Island,Charlottetown,C1A 1Z3,marcusevans19@yahoo.com,902-555-8692,Halifax Regional Health,Analyst,9726,9401,98,CWB Financial,DEV-6546-T,187.203.41.219,yahoo.com,902,true,false,verified,1,1,low,low,low,low,legitimate,low,Income and deposits consistent. Verified employment. No flags.
FR-067,2026-03-15,08:39:04,Carlos Watson,40,Quebec,Montreal,H2X 7D2,carloswatson98@yahoo.com,514-555-5906,Northern Health Services,Coordinator,5885,5546,85,ATB Financial,DEV-6314-Z,24.150.183.96,yahoo.com,514,true,false,verified,1,1,low,low,low,low,legitimate,low,Income and deposits consistent. Verified employment. No flags.
FR-068,2026-03-18,10:10:11,Ethan Ramirez,46,Newfoundland and Labrador,St. John's,A1C 8U3,ethan_ramirez_ca@hotmail.com,709-555-5161,Shopify Inc,Consultant,9161,9447,56,ATB Financial,DEV-1153-Z,129.147.80.19,hotmail.com,709,true,false,verified,1,1,low,low,low,low,legitimate,low,Income and deposits consistent. Verified employment. No flags.
FR-069,2026-04-03,12:29:54,Noah Martin,46,New Brunswick,Moncton,E1C 4N6,n.martin@icloud.com,506-555-5837,Shopify Inc,Manager,7270,3940,8,BMO,DEV-7484-I,12.25.254.214,icloud.com,506,true,true,partial,1,1,medium,medium,medium,low,suspicious,medium,"Income mismatch: claimed $7,270 but observed $3,940. Account 8 months old. Employment partially verified. Monitor."
FR-070,2026-02-13,15:02:37,Henry Powell,30,British Columbia,Burnaby,V5H 6Z7,henrypowell26@hotmail.com,604-555-9837,Alberta Infrastructure Group,Associate,11394,11905,55,National Bank,DEV-9697-Q,79.84.131.234,hotmail.com,604,true,false,verified,1,1,low,low,low,low,legitimate,low,Income and deposits consistent. Verified employment. No flags.
FR-071,2026-01-19,15:04:09,Ahmed Wood,47,Prince Edward Island,Charlottetown,C1A 2N1,ahmed.wood@outlook.com,902-555-8451,Kinaxis Inc,Teacher,11224,10152,97,National Bank,DEV-5295-S,107.190.55.173,outlook.com,902,true,false,verified,1,1,low,low,low,low,legitimate,low,Income and deposits consistent. Verified employment. No flags.
FR-072,2026-03-24,11:41:04,Zoey Stewart,41,Nova Scotia,Halifax,B3H 3B1,zoey_stewart_ca@outlook.com,902-555-2902,Manulife Financial,Technician,6031,2905,4,CWB Financial,DEV-3222-M,126.189.214.151,outlook.com,902,false,true,partial,1,2,medium,medium,medium,low,suspicious,medium,"Income mismatch: claimed $6,031 but observed $2,905. Account 4 months old. Employment partially verified. Monitor."
FR-073,2026-03-02,15:15:54,Henry Webb,45,Prince Edward Island,Charlottetown,C1A 1N5,henry.webb@hotmail.com,902-555-8450,Prairie Tech Services,Advisor,6862,1653,6,BMO,DEV-1349-B,95.124.64.202,hotmail.com,902,true,true,partial,1,1,medium,medium,low,low,suspicious,medium,"Income mismatch: claimed $6,862 but observed $1,653. Account 6 months old. Employment partially verified. Monitor."
FR-074,2026-01-23,10:34:16,Leo Simms,23,Alberta,Calgary,T2P 6H6,leosimms43@gmail.com,403-555-1858,Rogers Communications,Director,9431,9538,93,RBC,DEV-9619-D,200.32.243.115,gmail.com,403,true,false,verified,1,1,low,low,low,low,legitimate,low,Income and deposits consistent. Verified employment. No flags.
FR-075,2026-03-03,16:14:39,Priya Powell,55,Manitoba,Brandon,R7A 1B8,priya_powell_ca@yahoo.com,204-555-2768,Bell Canada,Manager,8827,8724,94,CIBC,DEV-2204-C,92.75.33.33,yahoo.com,204,true,false,verified,1,1,low,low,low,low,legitimate,low,Income and deposits consistent. Verified employment. No flags.
FR-076,2026-03-04,16:38:27,Marcus Foster,29,Prince Edward Island,Charlottetown,C1A 7Q4,m.foster@yahoo.com,902-555-8430,Kinaxis Inc,Accountant,11270,10280,29,RBC,DEV-2557-K,119.160.130.96,yahoo.com,902,true,false,verified,1,1,low,low,low,low,legitimate,low,Income and deposits consistent. Verified employment. No flags.
FR-077,2026-01-16,14:06:47,Ryan Nelson,30,Prince Edward Island,Charlottetown,C1A 9T6,ryan_nelson_ca@gmail.com,902-555-6793,OpenText Corp,Nurse,11813,11066,37,CWB Financial,DEV-7929-X,23.147.159.91,gmail.com,902,true,false,verified,1,1,low,low,low,low,legitimate,low,Income and deposits consistent. Verified employment. No flags.
FR-078,2026-02-02,09:22:54,Victoria Nelson,29,Manitoba,Winnipeg,R3C 7T9,v.nelson@gmail.com,204-555-1474,BlackBerry Ltd,Accountant,10066,9201,36,TD Bank,DEV-6062-K,99.3.92.223,gmail.com,204,true,false,verified,1,1,low,low,low,low,legitimate,low,Income and deposits consistent. Verified employment. No flags.
FR-079,2026-01-16,16:13:24,Abigail Collins,43,Alberta,Red Deer,T4N 5Z6,abigail.collins@icloud.com,403-555-1861,OpenText Corp,Coordinator,11457,11554,74,ATB Financial,DEV-1815-V,30.139.226.170,icloud.com,403,true,false,verified,1,1,low,low,low,low,legitimate,low,Income and deposits consistent. Verified employment. No flags.
FR-080,2026-02-08,11:48:32,Brandon Green,49,British Columbia,Burnaby,V5H 8S5,brandongreen60@gmail.com,604-555-1897,Maple Bridge Solutions,Nurse,3626,1743,9,Scotiabank,DEV-4460-Y,45.130.148.84,gmail.com,604,true,true,partial,1,2,medium,medium,medium,low,suspicious,medium,"Income mismatch: claimed $3,626 but observed $1,743. Account 9 months old. Employment partially verified. Monitor."
FR-081,2026-02-24,08:27:01,Sebastian Osei,42,Newfoundland and Labrador,St. John's,A1C 7Y7,sebastian.osei@outlook.com,709-555-7636,Holm & Associates,Coordinator,5234,1544,9,ATB Financial,DEV-3815-Z,168.235.185.23,outlook.com,709,true,true,partial,2,2,medium,medium,medium,low,suspicious,medium,"Income mismatch: claimed $5,234 but observed $1,544. Account 9 months old. Employment partially verified. Monitor."
FR-082,2026-02-16,10:04:32,Zoey Simms,55,Prince Edward Island,Charlottetown,C1A 6M3,zoey.simms@hotmail.com,902-555-3399,Capital Advisory Partners,Director,11595,11385,114,CWB Financial,DEV-3504-Y,177.38.90.244,hotmail.com,902,true,false,verified,1,1,low,low,low,low,legitimate,low,Income and deposits consistent. Verified employment. No flags.
FR-083,2026-04-02,17:41:40,Aubrey King,42,Alberta,Lethbridge,T1J 2R8,a.king@outlook.com,403-555-1920,Pacific Consulting Group,Associate,8203,7539,100,RBC,DEV-6085-O,125.19.29.95,outlook.com,403,true,false,verified,1,1,low,low,low,low,legitimate,low,Income and deposits consistent. Verified employment. No flags.
FR-084,2026-03-24,17:32:24,Sofia Ward,57,Ontario,Windsor,N9A 4L8,sofiaward17@icloud.com,416-555-8381,Holm & Associates,Technician,10672,3933,5,National Bank,DEV-2381-Q,175.88.20.64,icloud.com,416,false,true,partial,2,2,medium,medium,low,low,suspicious,medium,"Income mismatch: claimed $10,672 but observed $3,933. Account 5 months old. Employment partially verified. Monitor."
FR-085,2026-04-01,17:03:50,Gabriel Kelly,43,British Columbia,Burnaby,V5H 2T7,g.kelly@outlook.com,604-555-3463,Sun Life Financial,Technician,4888,4716,89,ATB Financial,DEV-3317-L,89.200.66.153,outlook.com,604,true,false,verified,1,1,low,low,low,low,legitimate,low,Income and deposits consistent. Verified employment. No flags.
FR-086,2026-03-28,13:52:08,Layla Henderson,55,British Columbia,Kelowna,V1Y 7S6,l.henderson@gmail.com,604-555-6060,Prairie Tech Services,Accountant,4764,4589,118,RBC,DEV-6598-Y,134.98.115.36,gmail.com,604,true,false,verified,1,1,low,low,low,low,legitimate,low,Income and deposits consistent. Verified employment. No flags.
FR-087,2026-03-10,16:53:47,Grace Forde,43,Newfoundland and Labrador,St. John's,A1C 7E3,graceforde66@hotmail.com,709-555-1715,Shopify Inc,Developer,7418,7309,118,CWB Financial,DEV-4891-O,166.145.229.60,hotmail.com,709,true,false,verified,1,1,low,low,low,low,legitimate,low,Income and deposits consistent. Verified employment. No flags.
FR-088,2026-01-29,13:43:36,Jack Stewart,40,Nova Scotia,Sydney,B1P 3G3,jack.stewart@outlook.com,902-555-8873,Manulife Financial,Director,6126,5792,75,Scotiabank,DEV-2680-W,142.63.145.22,outlook.com,902,true,false,verified,1,1,low,low,low,low,legitimate,low,Income and deposits consistent. Verified employment. No flags.
FR-089,2026-03-01,09:58:14,Elizabeth Green,23,Nova Scotia,Halifax,B3H 7S6,elizabeth_green_ca@hotmail.com,902-555-2337,Meridian Tech Solutions,Software Engineer,8200,8347,107,Scotiabank,DEV-6221-D,192.171.74.36,hotmail.com,902,true,false,verified,1,1,low,low,low,low,legitimate,low,Income and deposits consistent. Verified employment. No flags.
FR-090,2026-04-05,15:28:39,James Brooks,23,Manitoba,Winnipeg,R3C 3T9,james.brooks@yahoo.com,204-555-5720,Sunrise Media Group,Associate,11689,11742,86,TD Bank,DEV-1782-H,117.234.32.29,yahoo.com,204,true,false,verified,1,1,low,low,low,low,legitimate,low,Income and deposits consistent. Verified employment. No flags.
FR-091,2026-03-26,16:36:15,Lily Hussain,40,Nova Scotia,Halifax,B3H 6H7,lily.hussain@hotmail.com,902-555-9576,Pacific Consulting Group,Consultant,4213,4187,65,CIBC,DEV-9618-R,139.10.199.224,hotmail.com,902,true,false,verified,1,1,low,low,low,low,legitimate,low,Income and deposits consistent. Verified employment. No flags.
FR-092,2026-01-07,13:50:04,Lucas Thomas,28,Newfoundland and Labrador,St. John's,A1C 3B6,l.thomas@icloud.com,709-555-3868,Shopify Inc,Technician,10998,9973,55,BMO,DEV-8612-W,132.93.69.17,icloud.com,709,true,false,verified,1,1,low,low,low,low,legitimate,low,Income and deposits consistent. Verified employment. No flags.
FR-093,2026-01-10,11:56:02,William Allen,54,Nova Scotia,Sydney,B1P 5B4,w.allen@outlook.com,902-555-1783,Holm & Associates,Consultant,9834,9544,41,CWB Financial,DEV-5476-D,104.223.204.191,outlook.com,902,true,false,verified,1,1,low,low,low,low,legitimate,low,Income and deposits consistent. Verified employment. No flags.
FR-094,2026-04-03,15:23:59,David Lewis,27,Nova Scotia,Halifax,B3H 7V3,d.lewis@icloud.com,902-555-6262,Holm & Associates,Consultant,9259,3682,3,National Bank,DEV-5843-J,124.218.85.177,icloud.com,902,false,true,partial,1,1,medium,medium,low,low,suspicious,medium,"Income mismatch: claimed $9,259 but observed $3,682. Account 3 months old. Employment partially verified. Monitor."
FR-095,2026-02-20,16:51:47,Grayson Fallon,23,Alberta,Lethbridge,T1J 1E2,g.fallon@hotmail.com,403-555-6933,Sun Life Financial,Consultant,4759,4870,35,National Bank,DEV-1530-T,49.230.189.96,hotmail.com,403,true,false,verified,1,1,low,low,low,low,legitimate,low,Income and deposits consistent. Verified employment. No flags.
FR-096,2026-02-24,13:41:17,Elena Simms,23,Alberta,Lethbridge,T1J 9N9,e.simms@gmail.com,403-555-5264,Prairie Tech Services,Associate,4713,4703,40,CWB Financial,DEV-5678-W,135.102.62.35,gmail.com,403,true,false,verified,1,1,low,low,low,low,legitimate,low,Income and deposits consistent. Verified employment. No flags.
FR-097,2026-01-16,13:42:22,Levi Park,57,Prince Edward Island,Charlottetown,C1A 5F3,levipark25@outlook.com,902-555-4292,Nordex Retail Group,Developer,5626,5689,29,RBC,DEV-9094-A,102.188.239.206,outlook.com,902,true,false,verified,1,1,low,low,low,low,legitimate,low,Income and deposits consistent. Verified employment. No flags.
FR-098,2026-02-13,14:45:46,Avery Murphy,48,Nova Scotia,Halifax,B3H 3L2,avery_murphy_ca@yahoo.com,902-555-9476,OpenText Corp,Nurse,11988,11102,56,Scotiabank,DEV-3981-Y,43.221.28.213,yahoo.com,902,true,false,verified,1,1,low,low,low,low,legitimate,low,Income and deposits consistent. Verified employment. No flags.
FR-099,2026-01-25,13:59:45,Ahmed Green,55,Manitoba,Winnipeg,R3C 5G9,ahmedgreen90@outlook.com,204-555-5961,Pacific Consulting Group,Advisor,9031,9281,23,TD Bank,DEV-9234-U,53.78.87.169,outlook.com,204,true,false,verified,1,1,low,low,low,low,legitimate,low,Income and deposits consistent. Verified employment. No flags.
FR-100,2026-01-15,08:41:49,Riley Harris,35,Newfoundland and Labrador,St. John's,A1C 1R9,r.harris@outlook.com,709-555-8912,Shopify Inc,Consultant,10309,10269,77,BMO,DEV-7653-J,126.37.30.41,outlook.com,709,true,false,verified,1,1,low,low,low,low,legitimate,low,Income and deposits consistent. Verified employment. No flags.
FR-101,2026-02-17,17:09:20,Lily Young,44,Nova Scotia,Halifax,B3H 6S9,l.young@gmail.com,902-555-4960,Halifax Regional Health,Coordinator,10350,9823,38,National Bank,DEV-8366-H,46.49.25.75,gmail.com,902,true,false,verified,1,1,low,low,low,low,legitimate,low,Income and deposits consistent. Verified employment. No flags.
FR-102,2026-03-19,13:12:48,Derek Reed,54,New Brunswick,Fredericton,E3B 5R1,derek_reed_ca@gmail.com,506-555-9281,Nordex Retail Group,Consultant,11210,10674,86,TD Bank,DEV-4524-S,100.24.25.73,gmail.com,506,true,false,verified,1,1,low,low,low,low,legitimate,low,Income and deposits consistent. Verified employment. No flags.
FR-103,2026-01-18,14:08:56,Yuki Powell,45,Nova Scotia,Sydney,B1P 1N1,yukipowell56@icloud.com,902-555-5728,KPMG Advisory,Nurse,9953,3518,8,National Bank,DEV-8378-Y,150.143.60.33,icloud.com,902,true,true,unverified,2,1,medium,medium,medium,low,suspicious,medium,"Income mismatch: claimed $9,953 but observed $3,518. Account 8 months old. Employment partially verified. Monitor."
FR-104,2026-01-09,10:45:21,Aiden Bell,51,Alberta,Edmonton,T5J 6V6,aiden_bell_ca@hotmail.com,403-555-5902,KPMG Advisory,Software Engineer,9535,9259,104,RBC,DEV-9351-R,135.153.243.209,hotmail.com,403,true,false,verified,1,1,low,low,low,low,legitimate,low,Income and deposits consistent. Verified employment. No flags.
FR-105,2026-02-27,17:19:50,Oliver Ross,23,Newfoundland and Labrador,St. John's,A1C 5W4,oliver_ross_ca@gmail.com,709-555-3793,Kinaxis Inc,Technician,5300,4965,20,CWB Financial,DEV-7229-E,184.124.16.147,gmail.com,709,true,false,verified,1,1,low,low,low,low,legitimate,low,Income and deposits consistent. Verified employment. No flags.
FR-106,2026-02-14,14:09:26,Julian Wilson,48,Prince Edward Island,Charlottetown,C1A 1Y3,julianwilson81@icloud.com,902-555-6325,Deloitte Canada,Developer,9108,9315,63,CIBC,DEV-9609-M,90.88.235.234,icloud.com,902,true,false,verified,1,1,low,low,low,low,legitimate,low,Income and deposits consistent. Verified employment. No flags.
FR-107,2026-03-24,15:12:15,Aisha Richardson,41,Quebec,Laval,H7N 5Y4,a.richardson@yahoo.com,514-555-8861,Kinaxis Inc,Analyst,5899,5606,23,CIBC,DEV-5480-J,41.194.202.210,yahoo.com,514,true,false,verified,1,1,low,low,low,low,legitimate,low,Income and deposits consistent. Verified employment. No flags.
FR-108,2026-01-15,13:59:28,Penelope White,52,Quebec,Quebec City,G1R 9J9,penelopewhite23@outlook.com,514-555-4920,Shopify Inc,Coordinator,8911,8986,30,Scotiabank,DEV-9700-H,173.119.26.26,outlook.com,514,true,false,verified,1,1,low,low,low,low,legitimate,low,Income and deposits consistent. Verified employment. No flags.
FR-109,2026-01-05,16:59:10,Elijah Sanders,52,New Brunswick,Moncton,E1C 5L5,elijah.sanders@gmail.com,506-555-4804,Kinaxis Inc,Coordinator,11616,10835,113,CIBC,DEV-1611-F,116.90.18.215,gmail.com,506,true,false,verified,1,1,low,low,low,low,legitimate,low,Income and deposits consistent. Verified employment. No flags.
FR-110,2026-01-09,08:19:36,Lily Nguyen,43,Manitoba,Brandon,R7A 9S8,lily_nguyen_ca@hotmail.com,204-555-5470,Sunrise Media Group,Accountant,3730,3702,119,CIBC,DEV-6417-F,197.234.131.184,hotmail.com,204,true,false,verified,1,1,low,low,low,low,legitimate,low,Income and deposits consistent. Verified employment. No flags.
FR-111,2026-03-18,11:11:39,Zoey Roberts,49,Prince Edward Island,Charlottetown,C1A 2N2,zoeyroberts71@hotmail.com,902-555-6301,Meridian Tech Solutions,Analyst,8447,8794,110,TD Bank,DEV-5272-M,70.228.136.245,hotmail.com,902,true,false,verified,1,1,low,low,low,low,legitimate,low,Income and deposits consistent. Verified employment. No flags.
FR-112,2026-02-07,13:44:15,Alice Bennett,29,New Brunswick,Fredericton,E3B 3N9,alice.bennett@outlook.com,506-555-5833,Nordex Retail Group,Advisor,9621,9509,107,CWB Financial,DEV-4590-E,132.78.232.192,outlook.com,506,true,false,verified,1,1,low,low,low,low,legitimate,low,Income and deposits consistent. Verified employment. No flags.
FR-113,2026-03-14,11:48:15,Nora Hughes,27,Prince Edward Island,Charlottetown,C1A 9Y6,nora.hughes@gmail.com,902-555-2011,KPMG Advisory,Associate,10739,9903,105,BMO,DEV-4312-S,147.76.84.84,gmail.com,902,true,false,verified,1,1,low,low,low,low,legitimate,low,Income and deposits consistent. Verified employment. No flags.
FR-114,2026-03-20,15:05:57,Scarlett Edwards,25,New Brunswick,Moncton,E1C 9P8,scarlett.edwards@icloud.com,506-555-8575,Maple Bridge Solutions,Nurse,4242,4250,62,RBC,DEV-1356-M,75.1.111.149,icloud.com,506,true,false,verified,1,1,low,low,low,low,legitimate,low,Income and deposits consistent. Verified employment. No flags.
FR-115,2026-03-15,08:59:57,Justin Sanchez,24,Manitoba,Brandon,R7A 3E7,justin_sanchez_ca@outlook.com,204-555-8348,BC Ferry Services,Accountant,9939,10028,34,BMO,DEV-7154-C,184.68.178.31,outlook.com,204,true,false,verified,1,1,low,low,low,low,legitimate,low,Income and deposits consistent. Verified employment. No flags.
FR-116,2026-01-05,08:19:29,Grayson Perry,56,Nova Scotia,Sydney,B1P 4H8,graysonperry45@outlook.com,902-555-4088,Kinaxis Inc,Teacher,4602,4244,94,TD Bank,DEV-2848-B,179.214.8.62,outlook.com,902,true,false,verified,1,1,low,low,low,low,legitimate,low,Income and deposits consistent. Verified employment. No flags.
FR-117,2026-03-03,17:43:45,Tyler Jackson,24,Nova Scotia,Sydney,B1P 4T4,tylerjackson74@gmail.com,902-555-5739,Kinaxis Inc,Accountant,7121,7254,56,CIBC,DEV-6224-S,163.164.121.78,gmail.com,902,true,false,verified,1,1,low,low,low,low,legitimate,low,Income and deposits consistent. Verified employment. No flags.
FR-118,2026-01-12,16:37:56,Ryan Barker,49,Prince Edward Island,Charlottetown,C1A 1M7,r.barker@icloud.com,902-555-7821,Maple Bridge Solutions,Teacher,8427,7879,77,TD Bank,DEV-7167-F,203.242.123.218,icloud.com,902,true,false,verified,1,1,low,low,low,low,legitimate,low,Income and deposits consistent. Verified employment. No flags.
FR-119,2026-03-17,14:26:35,Grace Lowe,46,Quebec,Laval,H7N 4L2,g.lowe@yahoo.com,514-555-2514,Prairie Tech Services,Director,7055,7330,44,National Bank,DEV-1844-I,106.20.37.49,yahoo.com,514,true,false,verified,1,1,low,low,low,low,legitimate,low,Income and deposits consistent. Verified employment. No flags.
FR-120,2026-02-12,08:13:59,Raymond Long,29,New Brunswick,Moncton,E1C 4N4,r.long@icloud.com,506-555-5637,Manulife Financial,Nurse,11192,11631,58,BMO,DEV-6886-J,76.184.254.120,icloud.com,506,true,false,verified,1,1,low,low,low,low,legitimate,low,Income and deposits consistent. Verified employment. No flags.
FR-121,2026-02-21,13:26:02,Wyatt Taylor,31,Ontario,Ottawa,K1P 9U7,wyatttaylor35@outlook.com,416-555-6404,Sun Life Financial,Associate,11505,11835,100,CWB Financial,DEV-5026-P,150.172.131.196,outlook.com,416,true,false,verified,1,1,low,low,low,low,legitimate,low,Income and deposits consistent. Verified employment. No flags.
FR-122,2026-03-04,10:46:50,Charlotte Holm,30,Prince Edward Island,Charlottetown,C1A 3T1,charlotte.holm@icloud.com,902-555-2217,Shopify Inc,Specialist,7291,6700,108,Scotiabank,DEV-1794-Y,11.211.70.216,icloud.com,902,true,false,verified,1,1,low,low,low,low,legitimate,low,Income and deposits consistent. Verified employment. No flags.
FR-123,2026-01-06,11:32:29,Amelia Norris,52,New Brunswick,Moncton,E1C 1T9,amelia.norris@yahoo.com,506-555-1274,Halifax Regional Health,Nurse,5939,5591,42,CIBC,DEV-9777-J,14.220.91.28,yahoo.com,506,true,false,verified,1,1,low,low,low,low,legitimate,low,Income and deposits consistent. Verified employment. No flags.
FR-124,2026-02-19,12:50:25,Ethan Nelson,47,New Brunswick,Moncton,E1C 4K2,ethan.nelson@gmail.com,506-555-7640,Manulife Financial,Consultant,10609,10868,118,National Bank,DEV-8798-B,173.4.87.22,gmail.com,506,true,false,verified,1,1,low,low,low,low,legitimate,low,Income and deposits consistent. Verified employment. No flags.
FR-125,2026-03-18,09:57:33,Priya Anderson,35,Newfoundland and Labrador,St. John's,A1C 5B2,priya.anderson@outlook.com,709-555-3938,Holm & Associates,Nurse,8403,7894,90,BMO,DEV-1256-G,160.73.203.238,outlook.com,709,true,false,verified,1,1,low,low,low,low,legitimate,low,Income and deposits consistent. Verified employment. No flags.
FR-126,2026-03-18,14:43:57,Chloe Wright,46,Alberta,Calgary,T2P 9Z6,chloe.wright@gmail.com,403-555-8161,Pacific Consulting Group,Specialist,7978,8102,80,BMO,DEV-6580-T,167.203.167.8,gmail.com,403,true,false,verified,1,1,low,low,low,low,legitimate,low,Income and deposits consistent. Verified employment. No flags.
FR-127,2026-02-19,16:24:27,Ingrid Barnes,46,British Columbia,Richmond,V6X 5H2,i.barnes@gmail.com,604-555-3526,Air Canada,Nurse,3585,3541,74,National Bank,DEV-3527-X,109.162.184.28,gmail.com,604,true,false,verified,1,1,low,low,low,low,legitimate,low,Income and deposits consistent. Verified employment. No flags.
FR-128,2026-02-08,09:08:05,Ingrid Parker,50,Prince Edward Island,Charlottetown,C1A 2A2,ingrid.parker@outlook.com,902-555-6315,Meridian Tech Solutions,Developer,6278,6351,66,Scotiabank,DEV-5781-N,109.43.124.147,outlook.com,902,true,false,verified,1,1,low,low,low,low,legitimate,low,Income and deposits consistent. Verified employment. No flags.
FR-129,2026-01-22,12:19:17,Ella Hussain,26,Alberta,Lethbridge,T1J 5P5,ella.hussain@yahoo.com,403-555-6916,Nordex Retail Group,Accountant,8491,7654,68,National Bank,DEV-9123-T,167.100.234.28,yahoo.com,403,true,false,verified,1,1,low,low,low,low,legitimate,low,Income and deposits consistent. Verified employment. No flags.
FR-130,2026-03-25,14:51:55,Benjamin Evans,43,Nova Scotia,Halifax,B3H 5L4,b.evans@yahoo.com,902-555-3910,Holm & Associates,Coordinator,8092,8086,64,RBC,DEV-5775-X,187.251.124.84,yahoo.com,902,true,false,verified,1,1,low,low,low,low,legitimate,low,Income and deposits consistent. Verified employment. No flags.
FR-131,2026-03-18,11:37:34,Ingrid Barnes,57,Ontario,Windsor,N9A 4Q5,ingrid_barnes_ca@gmail.com,416-555-9180,Maple Bridge Solutions,Coordinator,4711,4698,94,CWB Financial,DEV-4965-I,178.78.216.203,gmail.com,416,true,false,verified,1,1,low,low,low,low,legitimate,low,Income and deposits consistent. Verified employment. No flags.
FR-132,2026-03-20,14:34:32,Julian Phillips,56,Ontario,London,N6A 9V2,julianphillips94@gmail.com,416-555-6816,CN Rail,Director,10552,9712,19,RBC,DEV-1725-S,175.204.169.248,gmail.com,416,true,false,verified,1,1,low,low,low,low,legitimate,low,Income and deposits consistent. Verified employment. No flags.
FR-133,2026-02-07,11:32:47,David Richardson,58,Quebec,Gatineau,J8X 6N8,davidrichardson54@icloud.com,514-555-1402,Maple Bridge Solutions,Analyst,10960,11470,44,CWB Financial,DEV-7815-C,39.72.178.80,icloud.com,514,true,false,verified,1,1,low,low,low,low,legitimate,low,Income and deposits consistent. Verified employment. No flags.
FR-134,2026-02-18,15:06:28,Oliver Henderson,50,Saskatchewan,Saskatoon,S7K 5B2,o.henderson@gmail.com,306-555-2791,Capital Advisory Partners,Coordinator,11070,10437,120,ATB Financial,DEV-4996-Q,54.81.169.144,gmail.com,306,true,false,verified,1,1,low,low,low,low,legitimate,low,Income and deposits consistent. Verified employment. No flags.
FR-135,2026-03-26,10:11:40,Isaac Parker,47,Ontario,Hamilton,L8P 8U7,isaac.parker@yahoo.com,416-555-4519,OpenText Corp,Teacher,10996,10129,51,CWB Financial,DEV-2025-S,36.95.187.84,yahoo.com,416,true,false,verified,1,1,low,low,low,low,legitimate,low,Income and deposits consistent. Verified employment. No flags.
FR-136,2026-03-13,13:38:24,Luke Perez,29,Saskatchewan,Regina,S4P 8V3,luke.perez@outlook.com,306-555-3194,Nordex Retail Group,Coordinator,10352,10537,35,ATB Financial,DEV-6003-D,56.191.72.131,outlook.com,306,true,false,verified,1,1,low,low,low,low,legitimate,low,Income and deposits consistent. Verified employment. No flags.
FR-137,2026-02-28,10:31:40,Joseph Ross,33,Prince Edward Island,Charlottetown,C1A 8K3,j.ross@hotmail.com,902-555-8389,Alberta Infrastructure Group,Developer,11781,11939,81,ATB Financial,DEV-1157-P,44.99.196.247,hotmail.com,902,true,false,verified,1,1,low,low,low,low,legitimate,low,Income and deposits consistent. Verified employment. No flags.
FR-138,2026-04-02,15:26:45,Jack Rogers,32,British Columbia,Richmond,V6X 1H5,j.rogers@gmail.com,604-555-4683,Capital Advisory Partners,Nurse,7889,8212,64,TD Bank,DEV-8492-S,200.253.57.147,gmail.com,604,true,false,verified,1,1,low,low,low,low,legitimate,low,Income and deposits consistent. Verified employment. No flags.
FR-139,2026-03-02,16:13:27,Lily Long,37,Manitoba,Winnipeg,R3C 8J6,lily_long_ca@gmail.com,204-555-2923,Nordex Retail Group,Advisor,5781,6005,44,BMO,DEV-4438-Z,198.179.219.43,gmail.com,204,true,false,verified,1,1,low,low,low,low,legitimate,low,Income and deposits consistent. Verified employment. No flags.
FR-140,2026-01-12,17:22:34,Aisha Peterson,56,Alberta,Red Deer,T4N 5K5,aisha.peterson@icloud.com,403-555-3221,Rogers Communications,Accountant,8777,8405,115,ATB Financial,DEV-1971-I,177.64.67.64,icloud.com,403,true,false,verified,1,1,low,low,low,low,legitimate,low,Income and deposits consistent. Verified employment. No flags.
FR-141,2026-03-08,10:36:40,Mohammed Watson,48,Nova Scotia,Sydney,B1P 2W2,m.watson@yahoo.com,902-555-7046,Deloitte Canada,Specialist,9369,8561,119,ATB Financial,DEV-6362-S,10.47.234.163,yahoo.com,902,true,false,verified,1,1,low,low,low,low,legitimate,low,Income and deposits consistent. Verified employment. No flags.
FR-142,2026-02-01,14:52:13,Ella Lewis,42,Manitoba,Brandon,R7A 9U3,ella_lewis_ca@icloud.com,204-555-6631,OpenText Corp,Associate,6088,5930,76,TD Bank,DEV-1793-B,35.235.8.32,icloud.com,204,true,false,verified,1,1,low,low,low,low,legitimate,low,Income and deposits consistent. Verified employment. No flags.
FR-143,2026-02-28,11:44:58,Chris Sanders,41,Alberta,Red Deer,T4N 2W6,chris.sanders@outlook.com,403-555-7092,Air Canada,Specialist,4994,5214,30,TD Bank,DEV-3711-B,111.156.119.110,outlook.com,403,true,false,verified,1,1,low,low,low,low,legitimate,low,Income and deposits consistent. Verified employment. No flags.
FR-144,2026-02-01,15:04:08,Aria Taylor,55,New Brunswick,Moncton,E1C 1Y6,aria_taylor_ca@gmail.com,506-555-3165,Nordex Retail Group,Analyst,8402,7841,66,Scotiabank,DEV-7276-C,197.52.52.81,gmail.com,506,true,false,verified,1,1,low,low,low,low,legitimate,low,Income and deposits consistent. Verified employment. No flags.
FR-145,2026-03-28,10:04:33,Wyatt Tran,32,New Brunswick,Fredericton,E3B 4W3,wyatt_tran_ca@yahoo.com,506-555-4559,Sunrise Media Group,Coordinator,8652,2302,6,CIBC,DEV-3293-Y,41.196.179.247,yahoo.com,506,true,true,unverified,2,1,medium,medium,low,low,suspicious,medium,"Income mismatch: claimed $8,652 but observed $2,302. Account 6 months old. Employment partially verified. Monitor."
FR-146,2026-01-31,16:38:32,Raymond Patterson,47,Manitoba,Winnipeg,R3C 4R7,raymondpatterson73@gmail.com,204-555-2163,Meridian Tech Solutions,Developer,6330,6478,78,RBC,DEV-6916-K,43.198.215.94,gmail.com,204,true,false,verified,1,1,low,low,low,low,legitimate,low,Income and deposits consistent. Verified employment. No flags.
FR-147,2026-01-07,17:04:00,Yuki Moore,24,Ontario,Kitchener,N2G 9K9,yuki_moore_ca@yahoo.com,416-555-7590,Manulife Financial,Nurse,11877,4039,5,National Bank,DEV-9808-T,49.142.42.80,yahoo.com,416,false,true,unverified,2,2,medium,medium,medium,low,suspicious,medium,"Income mismatch: claimed $11,877 but observed $4,039. Account 5 months old. Employment partially verified. Monitor."
FR-148,2026-01-12,11:05:59,Emily Simms,51,Newfoundland and Labrador,St. John's,A1C 5X3,emily.simms@gmail.com,709-555-3248,Capital Advisory Partners,Accountant,7903,7353,116,TD Bank,DEV-9133-L,143.132.85.96,gmail.com,709,true,false,verified,1,1,low,low,low,low,legitimate,low,Income and deposits consistent. Verified employment. No flags.
FR-149,2026-02-16,14:17:33,Justin Harris,58,British Columbia,Victoria,V8V 8S6,justin_harris_ca@gmail.com,604-555-3734,Halifax Regional Health,Developer,3542,3232,19,BMO,DEV-2685-S,182.59.116.190,gmail.com,604,true,false,verified,1,1,low,low,low,low,legitimate,low,Income and deposits consistent. Verified employment. No flags.
FR-150,2026-01-10,15:23:24,Jasmine Barker,24,Prince Edward Island,Charlottetown,C1A 4L4,j.barker@yahoo.com,902-555-5444,Sun Life Financial,Director,11950,10849,69,RBC,DEV-7108-D,138.26.91.58,yahoo.com,902,true,false,verified,1,1,low,low,low,low,legitimate,low,Income and deposits consistent. Verified employment. No flags.
FR-151,2026-03-05,12:49:54,Olivia King,27,Prince Edward Island,Charlottetown,C1A 1M4,o.king@outlook.com,902-555-4974,Sun Life Financial,Coordinator,3891,3739,87,National Bank,DEV-9083-Y,60.125.77.2,outlook.com,902,true,false,verified,1,1,low,low,low,low,legitimate,low,Income and deposits consistent. Verified employment. No flags.
FR-152,2026-03-27,08:21:00,Isaac Carter,41,British Columbia,Surrey,V3S 9H7,isaac.carter@yahoo.com,604-555-3332,Pacific Consulting Group,Technician,4891,4995,30,Scotiabank,DEV-1719-H,143.211.190.118,yahoo.com,604,true,false,verified,1,1,low,low,low,low,legitimate,low,Income and deposits consistent. Verified employment. No flags.
FR-153,2026-03-27,14:04:37,Wyatt Norris,49,Alberta,Edmonton,T5J 5J6,w.norris@yahoo.com,403-555-6211,Nordex Retail Group,Accountant,10865,10732,58,ATB Financial,DEV-2223-G,44.55.79.28,yahoo.com,403,true,false,verified,1,1,low,low,low,low,legitimate,low,Income and deposits consistent. Verified employment. No flags.
FR-154,2026-01-20,16:22:49,Nathan Edwards,41,New Brunswick,Fredericton,E3B 2C3,nathan.edwards@outlook.com,506-555-4522,Holm & Associates,Developer,4302,4177,51,Scotiabank,DEV-3430-C,192.127.182.102,outlook.com,506,true,false,verified,1,1,low,low,low,low,legitimate,low,Income and deposits consistent. Verified employment. No flags.
FR-155,2026-01-08,14:54:28,Victoria Patterson,57,Quebec,Montreal,H2X 8D3,victoria.patterson@gmail.com,514-555-2010,Nordex Retail Group,Advisor,7740,7119,20,RBC,DEV-3141-G,112.190.43.150,gmail.com,514,true,false,verified,1,1,low,low,low,low,legitimate,low,Income and deposits consistent. Verified employment. No flags.
FR-156,2026-01-30,15:51:08,Rebecca Wright,29,Ontario,Windsor,N9A 1F7,rebecca_wright_ca@yahoo.com,416-555-1483,Rogers Communications,Consultant,5935,5376,96,BMO,DEV-3831-L,64.95.140.72,yahoo.com,416,true,false,verified,1,1,low,low,low,low,legitimate,low,Income and deposits consistent. Verified employment. No flags.
FR-157,2026-03-28,12:31:26,Carter Morris,25,British Columbia,Burnaby,V5H 7E7,cartermorris90@hotmail.com,604-555-9907,BC Ferry Services,Advisor,11731,11215,67,CIBC,DEV-6883-P,149.248.176.234,hotmail.com,604,true,false,verified,1,1,low,low,low,low,legitimate,low,Income and deposits consistent. Verified employment. No flags.
FR-158,2026-01-28,08:20:38,Ahmed Delgado,39,Ontario,Windsor,N9A 9M4,ahmed.delgado@hotmail.com,416-555-5060,Halifax Regional Health,Associate,9863,9602,40,Scotiabank,DEV-9743-Z,198.28.112.148,hotmail.com,416,true,false,verified,1,1,low,low,low,low,legitimate,low,Income and deposits consistent. Verified employment. No flags.
FR-159,2026-02-04,17:20:51,Ryan Henderson,44,Newfoundland and Labrador,St. John's,A1C 6U3,ryanhenderson73@icloud.com,709-555-9882,Deloitte Canada,Developer,11331,10198,60,BMO,DEV-1621-C,24.119.112.6,icloud.com,709,true,false,verified,1,1,low,low,low,low,legitimate,low,Income and deposits consistent. Verified employment. No flags.
FR-160,2026-01-21,13:45:11,Ava Norris,23,Alberta,Edmonton,T5J 2S6,a.norris@gmail.com,403-555-7481,Holm & Associates,Specialist,11482,11662,58,Scotiabank,DEV-5944-K,44.80.223.203,gmail.com,403,true,false,verified,1,1,low,low,low,low,legitimate,low,Income and deposits consistent. Verified employment. No flags.
FR-161,2026-04-05,16:44:56,Luke Simmons,44,Quebec,Quebec City,G1R 7K5,lukesimmons10@hotmail.com,514-555-7415,OpenText Corp,Advisor,5205,5192,36,National Bank,DEV-1530-F,164.162.113.164,hotmail.com,514,true,false,verified,1,1,low,low,low,low,legitimate,low,Income and deposits consistent. Verified employment. No flags.
FR-162,2026-01-14,11:22:20,Patricia Brooks,27,Saskatchewan,Regina,S4P 1J4,patricia.brooks@hotmail.com,306-555-6742,Sunrise Media Group,Accountant,10283,10263,66,National Bank,DEV-1020-B,108.224.214.249,hotmail.com,306,true,false,verified,1,1,low,low,low,low,legitimate,low,Income and deposits consistent. Verified employment. No flags.
FR-163,2026-03-15,14:06:53,Avery Simmons,58,Quebec,Quebec City,G1R 8C1,avery.simmons@outlook.com,514-555-6221,Sunrise Media Group,Nurse,5025,4868,94,CWB Financial,DEV-2215-K,53.192.82.188,outlook.com,514,true,false,verified,1,1,low,low,low,low,legitimate,low,Income and deposits consistent. Verified employment. No flags.
FR-164,2026-04-05,08:27:41,Patricia Gray,49,Alberta,Calgary,T2P 2L4,patricia_gray_ca@hotmail.com,403-555-9849,Maple Bridge Solutions,Developer,11543,10702,24,National Bank,DEV-5872-H,34.25.201.147,hotmail.com,403,true,false,verified,1,1,low,low,low,low,legitimate,low,Income and deposits consistent. Verified employment. No flags.
FR-165,2026-01-05,14:05:18,Isaac Watson,52,Quebec,Montreal,H2X 1G3,isaac.watson@outlook.com,514-555-8758,Maple Bridge Solutions,Developer,9849,9242,65,ATB Financial,DEV-7512-P,135.135.46.165,outlook.com,514,true,false,verified,1,1,low,low,low,low,legitimate,low,Income and deposits consistent. Verified employment. No flags.
FR-166,2026-02-21,10:28:02,Yuki Evans,51,Manitoba,Winnipeg,R3C 5U1,yuki.evans@hotmail.com,204-555-2404,Manulife Financial,Coordinator,10358,10418,105,CWB Financial,DEV-7782-Y,160.116.31.216,hotmail.com,204,true,false,verified,1,1,low,low,low,low,legitimate,low,Income and deposits consistent. Verified employment. No flags.
FR-167,2026-03-19,11:30:19,Ethan Perez,24,Prince Edward Island,Charlottetown,C1A 2Q3,ethanperez34@hotmail.com,902-555-3067,Pacific Consulting Group,Technician,4597,1097,9,ATB Financial,DEV-8133-G,170.75.132.82,hotmail.com,902,false,true,partial,2,1,medium,medium,low,low,suspicious,medium,"Income mismatch: claimed $4,597 but observed $1,097. Account 9 months old. Employment partially verified. Monitor."
FR-168,2026-01-19,14:09:09,Wyatt Torres,28,British Columbia,Richmond,V6X 2K9,wyatt_torres_ca@outlook.com,604-555-5327,Deloitte Canada,Advisor,10081,9151,68,National Bank,DEV-8750-B,54.141.206.37,outlook.com,604,true,false,verified,1,1,low,low,low,low,legitimate,low,Income and deposits consistent. Verified employment. No flags.
FR-169,2026-04-03,11:03:47,Aiden Lewis,45,Ontario,London,N6A 5K5,aiden.lewis@yahoo.com,416-555-4734,Kinaxis Inc,Specialist,4962,4657,74,BMO,DEV-8259-Y,92.137.213.155,yahoo.com,416,true,false,verified,1,1,low,low,low,low,legitimate,low,Income and deposits consistent. Verified employment. No flags.
FR-170,2026-02-26,15:48:33,Amelia Norris,54,Alberta,Calgary,T2P 5Y9,amelianorris77@yahoo.com,403-555-1474,Prairie Tech Services,Analyst,6762,6365,65,CWB Financial,DEV-1944-H,18.233.25.236,yahoo.com,403,true,false,verified,1,1,low,low,low,low,legitimate,low,Income and deposits consistent. Verified employment. No flags.
FR-171,2026-03-10,14:40:59,Amara Barnes,23,Quebec,Laval,H7N 8V8,amara_barnes_ca@hotmail.com,514-555-6730,Halifax Regional Health,Associate,7011,6762,100,BMO,DEV-2480-J,17.197.25.42,hotmail.com,514,true,false,verified,1,1,low,low,low,low,legitimate,low,Income and deposits consistent. Verified employment. No flags.
FR-172,2026-04-01,11:17:41,Elijah Morgan,23,Ontario,Windsor,N9A 3W3,elijah.morgan@icloud.com,416-555-4666,Maple Bridge Solutions,Teacher,11146,10649,104,ATB Financial,DEV-5511-N,106.178.235.65,icloud.com,416,true,false,verified,1,1,low,low,low,low,legitimate,low,Income and deposits consistent. Verified employment. No flags.
FR-173,2026-03-20,09:00:32,Isaac Nelson,57,Newfoundland and Labrador,St. John's,A1C 5X2,isaac.nelson@yahoo.com,709-555-6509,Air Canada,Developer,7437,6809,120,ATB Financial,DEV-6327-I,76.152.96.39,yahoo.com,709,true,false,verified,1,1,low,low,low,low,legitimate,low,Income and deposits consistent. Verified employment. No flags.
FR-174,2026-03-30,13:43:08,Oliver Delgado,53,Manitoba,Brandon,R7A 7N7,oliverdelgado53@gmail.com,204-555-4643,Air Canada,Specialist,6467,6120,30,CWB Financial,DEV-8794-V,101.153.87.216,gmail.com,204,true,false,verified,1,1,low,low,low,low,legitimate,low,Income and deposits consistent. Verified employment. No flags.
FR-175,2026-01-21,12:46:51,Victoria Flores,33,Saskatchewan,Saskatoon,S7K 4M4,victoria_flores_ca@outlook.com,306-555-6428,Sun Life Financial,Specialist,4666,4682,42,RBC,DEV-5817-O,40.240.27.222,outlook.com,306,true,false,verified,1,1,low,low,low,low,legitimate,low,Income and deposits consistent. Verified employment. No flags.
FR-176,2026-04-02,14:33:19,Elijah Quon,31,Alberta,Edmonton,T5J 6P8,e.quon@hotmail.com,403-555-3954,Deloitte Canada,Consultant,7981,7610,115,Scotiabank,DEV-6449-U,55.160.29.2,hotmail.com,403,true,false,verified,1,1,low,low,low,low,legitimate,low,Income and deposits consistent. Verified employment. No flags.
FR-177,2026-03-19,10:31:50,Rebecca Vance,49,Nova Scotia,Sydney,B1P 7R7,rebecca.vance@gmail.com,902-555-9745,Alberta Infrastructure Group,Software Engineer,7576,7281,106,National Bank,DEV-1230-K,203.97.9.174,gmail.com,902,true,false,verified,1,1,low,low,low,low,legitimate,low,Income and deposits consistent. Verified employment. No flags.
FR-178,2026-02-13,10:06:24,Samuel Torres,41,Alberta,Calgary,T2P 1K5,s.torres@yahoo.com,403-555-8105,Ontario Health Services,Director,10109,9137,47,BMO,DEV-6615-P,101.96.84.243,yahoo.com,403,true,false,verified,1,1,low,low,low,low,legitimate,low,Income and deposits consistent. Verified employment. No flags.
FR-179,2026-01-21,11:46:01,Aria Cook,32,British Columbia,Burnaby,V5H 1N5,aria.cook@icloud.com,604-555-1785,Air Canada,Coordinator,5524,5531,50,CWB Financial,DEV-1323-B,186.59.213.114,icloud.com,604,true,false,verified,1,1,low,low,low,low,legitimate,low,Income and deposits consistent. Verified employment. No flags.
FR-180,2026-04-04,10:13:44,Nora Watson,22,Manitoba,Brandon,R7A 2X9,norawatson63@outlook.com,204-555-2718,CN Rail,Advisor,6772,6890,51,BMO,DEV-2928-J,39.54.254.51,outlook.com,204,true,false,verified,1,1,low,low,low,low,legitimate,low,Income and deposits consistent. Verified employment. No flags.
FR-181,2026-02-19,14:18:10,Priya Cooper,53,Quebec,Gatineau,J8X 6H1,priya.cooper@gmail.com,514-555-2809,Shopify Inc,Manager,7287,7493,55,CIBC,DEV-9095-E,33.38.51.232,gmail.com,514,true,false,verified,1,1,low,low,low,low,legitimate,low,Income and deposits consistent. Verified employment. No flags.
FR-182,2026-03-05,08:06:52,Leo Mehta,40,Saskatchewan,Regina,S4P 7Z2,leo.mehta@gmail.com,306-555-1158,Shopify Inc,Technician,5022,4900,61,Scotiabank,DEV-3793-K,101.224.137.225,gmail.com,306,true,false,verified,1,1,low,low,low,low,legitimate,low,Income and deposits consistent. Verified employment. No flags.
FR-183,2026-01-19,14:25:29,Mohammed Mitchell,52,Nova Scotia,Halifax,B3H 2E1,mohammed.mitchell@hotmail.com,902-555-7816,Deloitte Canada,Software Engineer,5640,5570,80,RBC,DEV-8178-F,166.194.183.157,hotmail.com,902,true,false,verified,1,1,low,low,low,low,legitimate,low,Income and deposits consistent. Verified employment. No flags.
FR-184,2026-02-26,15:02:04,Yuki Sanders,42,Ontario,Hamilton,L8P 6S9,yuki.sanders@icloud.com,416-555-8091,Nordex Retail Group,Associate,4394,3965,100,Scotiabank,DEV-8895-L,179.197.76.215,icloud.com,416,true,false,verified,1,1,low,low,low,low,legitimate,low,Income and deposits consistent. Verified employment. No flags.
FR-185,2026-03-10,15:54:31,Patricia Osei,53,Saskatchewan,Saskatoon,S7K 6J1,patriciaosei80@icloud.com,306-555-7203,Nordex Retail Group,Consultant,10824,10388,33,CWB Financial,DEV-2291-O,123.229.45.220,icloud.com,306,true,false,verified,1,1,low,low,low,low,legitimate,low,Income and deposits consistent. Verified employment. No flags.
FR-186,2026-03-29,08:06:25,Elijah Forde,57,Prince Edward Island,Charlottetown,C1A 2V5,elijahforde93@icloud.com,902-555-8474,Alberta Infrastructure Group,Specialist,9452,9432,32,RBC,DEV-1889-H,126.169.242.184,icloud.com,902,true,false,verified,1,1,low,low,low,low,legitimate,low,Income and deposits consistent. Verified employment. No flags.
FR-187,2026-03-30,11:00:21,Charlotte Brooks,40,Prince Edward Island,Charlottetown,C1A 2B3,charlottebrooks62@yahoo.com,902-555-2752,Prairie Tech Services,Director,6622,6692,61,RBC,DEV-4072-D,110.110.234.212,yahoo.com,902,true,false,verified,1,1,low,low,low,low,legitimate,low,Income and deposits consistent. Verified employment. No flags.
FR-188,2026-02-27,08:59:40,Grayson Torres,29,New Brunswick,Fredericton,E3B 9E8,grayson.torres@gmail.com,506-555-8091,Deloitte Canada,Coordinator,8773,8927,67,ATB Financial,DEV-9328-Y,55.88.65.27,gmail.com,506,true,false,verified,1,1,low,low,low,low,legitimate,low,Income and deposits consistent. Verified employment. No flags.
FR-189,2026-03-23,11:17:25,Mia Walker,50,Alberta,Edmonton,T5J 7V9,m.walker@outlook.com,403-555-4560,CN Rail,Developer,8781,8138,115,National Bank,DEV-5760-V,98.67.91.129,outlook.com,403,true,false,verified,1,1,low,low,low,low,legitimate,low,Income and deposits consistent. Verified employment. No flags.
FR-190,2026-03-17,15:37:36,Layla Coleman,48,Prince Edward Island,Charlottetown,C1A 7A9,layla.coleman@gmail.com,902-555-7240,Shopify Inc,Manager,5899,6168,25,CIBC,DEV-1927-G,78.82.146.175,gmail.com,902,true,false,verified,1,1,low,low,low,low,legitimate,low,Income and deposits consistent. Verified employment. No flags.
FR-191,2026-01-31,16:02:22,Elizabeth Nguyen,57,Quebec,Gatineau,J8X 4S5,elizabeth_nguyen_ca@gmail.com,514-555-7349,Shopify Inc,Advisor,10759,10144,99,National Bank,DEV-6122-R,23.6.128.52,gmail.com,514,true,false,verified,1,1,low,low,low,low,legitimate,low,Income and deposits consistent. Verified employment. No flags.
FR-192,2026-03-21,16:47:38,Sophie Butler,34,Manitoba,Brandon,R7A 3X2,sophiebutler75@hotmail.com,204-555-2955,Rogers Communications,Associate,7678,6921,60,CWB Financial,DEV-5572-R,77.66.82.150,hotmail.com,204,true,false,verified,1,1,low,low,low,low,legitimate,low,Income and deposits consistent. Verified employment. No flags.
FR-193,2026-04-05,10:02:09,Ava Peterson,25,Newfoundland and Labrador,St. John's,A1C 8U9,ava.peterson@outlook.com,709-555-6207,Capital Advisory Partners,Developer,10109,9286,62,BMO,DEV-9529-C,139.81.212.140,outlook.com,709,true,false,verified,1,1,low,low,low,low,legitimate,low,Income and deposits consistent. Verified employment. No flags.
FR-194,2026-02-01,13:21:23,Emma Moore,55,New Brunswick,Moncton,E1C 2X6,emmamoore92@yahoo.com,506-555-4994,Shopify Inc,Technician,8133,7369,84,National Bank,DEV-6258-M,39.197.131.139,yahoo.com,506,true,false,verified,1,1,low,low,low,low,legitimate,low,Income and deposits consistent. Verified employment. No flags.
FR-195,2026-03-11,16:28:31,Priya Walker,34,Saskatchewan,Saskatoon,S7K 2F9,priya.walker@icloud.com,306-555-2072,Air Canada,Associate,10630,10891,27,Scotiabank,DEV-4492-V,118.53.105.138,icloud.com,306,true,false,verified,1,1,low,low,low,low,legitimate,low,Income and deposits consistent. Verified employment. No flags.
FR-196,2026-01-08,15:45:21,Daniel Chu,26,Ontario,Brampton,L6T 5T2,danielchu43@icloud.com,416-555-7678,Air Canada,Nurse,3596,3300,114,TD Bank,DEV-7626-N,90.8.199.173,icloud.com,416,true,false,verified,1,1,low,low,low,low,legitimate,low,Income and deposits consistent. Verified employment. No flags.
FR-197,2026-04-04,09:22:59,Samuel Nguyen,40,Manitoba,Winnipeg,R3C 5Q7,samuel.nguyen@yahoo.com,204-555-8765,Nordex Retail Group,Specialist,9613,8673,88,Scotiabank,DEV-3234-X,110.151.73.77,yahoo.com,204,true,false,verified,1,1,low,low,low,low,legitimate,low,Income and deposits consistent. Verified employment. No flags.
FR-198,2026-01-20,08:00:36,Dylan Perez,56,Prince Edward Island,Charlottetown,C1A 5G6,dylan_perez_ca@hotmail.com,902-555-9397,Capital Advisory Partners,Specialist,4391,4513,77,RBC,DEV-4617-T,74.99.58.47,hotmail.com,902,true,false,verified,1,1,low,low,low,low,legitimate,low,Income and deposits consistent. Verified employment. No flags.
FR-199,2026-02-11,09:16:06,Sophie Perry,53,Saskatchewan,Regina,S4P 3X4,s.perry@gmail.com,306-555-2143,Holm & Associates,Advisor,9471,9170,72,Scotiabank,DEV-8960-O,94.156.78.145,gmail.com,306,true,false,verified,1,1,low,low,low,low,legitimate,low,Income and deposits consistent. Verified employment. No flags.
FR-200,2026-01-05,13:15:50,Ahmed Jenkins,49,Manitoba,Brandon,R7A 3X6,ahmed_jenkins_ca@yahoo.com,204-555-8296,Maple Bridge Solutions,Manager,5793,5764,43,CIBC,DEV-8978-R,37.89.41.216,yahoo.com,204,true,false,verified,1,1,low,low,low,low,legitimate,low,Income and deposits consistent. Verified employment. No flags.
FR-201,2026-03-26,09:46:04,Kevin Cook,23,Newfoundland and Labrador,St. John's,A1C 4B9,kevin_cook_ca@outlook.com,709-555-3435,Nordex Retail Group,Developer,3673,3549,96,Scotiabank,DEV-5767-E,128.46.203.94,outlook.com,709,true,false,verified,1,1,low,low,low,low,legitimate,low,Income and deposits consistent. Verified employment. No flags.
FR-202,2026-03-11,10:28:10,Leo Cox,58,Alberta,Lethbridge,T1J 6B4,leocox18@yahoo.com,403-555-5331,Northern Health Services,Consultant,4260,3874,101,National Bank,DEV-4387-Q,102.198.240.235,yahoo.com,403,true,false,verified,1,1,low,low,low,low,legitimate,low,Income and deposits consistent. Verified employment. No flags.
FR-203,2026-01-18,16:40:53,Aisha Long,38,Newfoundland and Labrador,St. John's,A1C 7W7,aisha.long@outlook.com,709-555-9465,Nordex Retail Group,Consultant,3608,3760,35,CWB Financial,DEV-9460-M,100.176.249.203,outlook.com,709,true,false,verified,1,1,low,low,low,low,legitimate,low,Income and deposits consistent. Verified employment. No flags.
FR-204,2026-01-26,11:04:32,Anthony Robinson,35,Alberta,Edmonton,T5J 3M2,anthony_robinson_ca@hotmail.com,403-555-6410,Deloitte Canada,Teacher,4206,3915,91,Scotiabank,DEV-8844-P,63.82.210.6,hotmail.com,403,true,false,verified,1,1,low,low,low,low,legitimate,low,Income and deposits consistent. Verified employment. No flags.
FR-205,2026-01-22,16:02:57,Riley Hussain,25,Alberta,Red Deer,T4N 3S7,riley.hussain@icloud.com,403-555-5644,Prairie Tech Services,Associate,10230,10437,36,Scotiabank,DEV-8359-T,130.246.87.57,icloud.com,403,true,false,verified,1,1,low,low,low,low,legitimate,low,Income and deposits consistent. Verified employment. No flags.
FR-206,2026-03-25,16:16:10,Oliver Barnes,43,New Brunswick,Moncton,E1C 4N7,oliver.barnes@hotmail.com,506-555-1271,KPMG Advisory,Advisor,4139,4269,82,RBC,DEV-7877-E,165.49.90.122,hotmail.com,506,true,false,verified,1,1,low,low,low,low,legitimate,low,Income and deposits consistent. Verified employment. No flags.
FR-207,2026-01-16,15:42:08,Lily Rivera,22,Nova Scotia,Sydney,B1P 6B9,lilyrivera71@yahoo.com,902-555-7246,Kinaxis Inc,Teacher,4873,4675,94,ATB Financial,DEV-2600-N,44.130.244.197,yahoo.com,902,true,false,verified,1,1,low,low,low,low,legitimate,low,Income and deposits consistent. Verified employment. No flags.
FR-208,2026-02-06,11:00:45,Violet Foster,22,Newfoundland and Labrador,St. John's,A1C 9A7,v.foster@hotmail.com,709-555-7698,Ontario Health Services,Developer,10439,10551,64,CIBC,DEV-7980-U,159.129.133.219,hotmail.com,709,true,false,verified,1,1,low,low,low,low,legitimate,low,Income and deposits consistent. Verified employment. No flags.
FR-209,2026-04-02,14:48:13,Elijah Cooper,57,New Brunswick,Moncton,E1C 6T9,e.cooper@yahoo.com,506-555-6024,OpenText Corp,Director,6150,5637,45,ATB Financial,DEV-7522-X,45.60.117.115,yahoo.com,506,true,false,verified,1,1,low,low,low,low,legitimate,low,Income and deposits consistent. Verified employment. No flags.
FR-210,2026-02-17,16:39:44,Nora Coleman,25,Alberta,Lethbridge,T1J 1C3,nora_coleman_ca@yahoo.com,403-555-2444,Nordex Retail Group,Coordinator,8193,4085,3,Scotiabank,DEV-7075-C,165.19.196.239,yahoo.com,403,false,true,partial,1,1,medium,medium,low,low,suspicious,medium,"Income mismatch: claimed $8,193 but observed $4,085. Account 3 months old. Employment partially verified. Monitor."
FR-211,2026-01-29,08:50:38,Scarlett Bell,36,Newfoundland and Labrador,St. John's,A1C 1M4,scarlettbell21@gmail.com,709-555-5520,Alberta Infrastructure Group,Technician,4624,4253,88,CIBC,DEV-7474-M,160.102.7.189,gmail.com,709,true,false,verified,1,1,low,low,low,low,legitimate,low,Income and deposits consistent. Verified employment. No flags.
FR-212,2026-03-17,17:22:22,Aisha Taylor,34,New Brunswick,Fredericton,E3B 1J3,aisha.taylor@yahoo.com,506-555-2185,Holm & Associates,Consultant,9678,9863,79,BMO,DEV-2917-Z,141.131.128.178,yahoo.com,506,true,false,verified,1,1,low,low,low,low,legitimate,low,Income and deposits consistent. Verified employment. No flags.
FR-213,2026-02-17,15:43:29,Aria Delgado,52,British Columbia,Burnaby,V5H 2N4,a.delgado@hotmail.com,604-555-7757,KPMG Advisory,Nurse,10036,10411,113,National Bank,DEV-9776-A,189.134.127.74,hotmail.com,604,true,false,verified,1,1,low,low,low,low,legitimate,low,Income and deposits consistent. Verified employment. No flags.
FR-214,2026-01-14,16:59:11,Aiden Young,44,Quebec,Laval,H7N 3Z4,aidenyoung40@yahoo.com,514-555-4965,Prairie Tech Services,Nurse,5464,4997,104,CWB Financial,DEV-4755-G,73.182.79.200,yahoo.com,514,true,false,verified,1,1,low,low,low,low,legitimate,low,Income and deposits consistent. Verified employment. No flags.
FR-215,2026-03-24,08:48:54,Chloe Mehta,52,Saskatchewan,Regina,S4P 8U5,chloemehta75@yahoo.com,306-555-5591,OpenText Corp,Developer,4033,4143,62,ATB Financial,DEV-3101-B,144.216.244.241,yahoo.com,306,true,false,verified,1,1,low,low,low,low,legitimate,low,Income and deposits consistent. Verified employment. No flags.
FR-216,2026-04-02,10:29:07,Hannah Bell,51,Saskatchewan,Saskatoon,S7K 1X4,hannah.bell@yahoo.com,306-555-6331,Halifax Regional Health,Advisor,9121,8957,41,CWB Financial,DEV-4066-R,77.121.137.121,yahoo.com,306,true,false,verified,1,1,low,low,low,low,legitimate,low,Income and deposits consistent. Verified employment. No flags.
FR-217,2026-02-28,11:26:44,Amelia Adams,47,Manitoba,Brandon,R7A 3U3,ameliaadams22@icloud.com,204-555-5422,Manulife Financial,Director,3659,3473,71,CWB Financial,DEV-8081-M,60.74.76.122,icloud.com,204,true,false,verified,1,1,low,low,low,low,legitimate,low,Income and deposits consistent. Verified employment. No flags.
FR-218,2026-01-22,16:34:46,William Simmons,53,Manitoba,Brandon,R7A 9U1,william.simmons@yahoo.com,204-555-3676,Halifax Regional Health,Analyst,9403,4175,7,National Bank,DEV-8807-U,34.230.171.67,yahoo.com,204,true,true,partial,1,2,medium,medium,medium,low,suspicious,medium,"Income mismatch: claimed $9,403 but observed $4,175. Account 7 months old. Employment partially verified. Monitor."
FR-219,2026-03-19,17:41:41,Joseph Barker,40,Saskatchewan,Regina,S4P 9R8,joseph_barker_ca@gmail.com,306-555-5694,Ontario Health Services,Nurse,4796,4481,61,BMO,DEV-3745-U,96.215.207.218,gmail.com,306,true,false,verified,1,1,low,low,low,low,legitimate,low,Income and deposits consistent. Verified employment. No flags.
FR-220,2026-02-14,13:41:18,Levi Lewis,47,Manitoba,Brandon,R7A 6Z9,levi_lewis_ca@yahoo.com,204-555-3741,Meridian Tech Solutions,Accountant,10005,9214,30,RBC,DEV-3048-X,70.128.40.54,yahoo.com,204,true,false,verified,1,1,low,low,low,low,legitimate,low,Income and deposits consistent. Verified employment. No flags.
FR-221,2026-03-06,16:03:01,Michael Murphy,27,British Columbia,Burnaby,V5H 3C7,michaelmurphy41@outlook.com,604-555-5655,Ontario Health Services,Analyst,8828,8920,77,CIBC,DEV-3150-Q,53.14.17.170,outlook.com,604,true,false,verified,1,1,low,low,low,low,legitimate,low,Income and deposits consistent. Verified employment. No flags.
FR-222,2026-03-16,15:08:44,Chloe Barker,51,Newfoundland and Labrador,St. John's,A1C 9W9,c.barker@outlook.com,709-555-8891,Pacific Consulting Group,Manager,3672,3304,84,Scotiabank,DEV-8239-J,103.211.133.40,outlook.com,709,true,false,verified,1,1,low,low,low,low,legitimate,low,Income and deposits consistent. Verified employment. No flags.
FR-223,2026-02-18,12:30:34,Sandra Ross,53,New Brunswick,Fredericton,E3B 1P5,sandraross10@icloud.com,506-555-9981,Rogers Communications,Coordinator,7114,6940,28,ATB Financial,DEV-8161-M,73.83.199.213,icloud.com,506,true,false,verified,1,1,low,low,low,low,legitimate,low,Income and deposits consistent. Verified employment. No flags.
FR-224,2026-03-26,11:33:48,Luke Ross,39,Manitoba,Brandon,R7A 7G2,lukeross47@hotmail.com,204-555-2808,CN Rail,Software Engineer,5992,5442,86,TD Bank,DEV-8418-I,189.251.96.83,hotmail.com,204,true,false,verified,1,1,low,low,low,low,legitimate,low,Income and deposits consistent. Verified employment. No flags.
FR-225,2026-01-28,09:18:17,Chris Jenkins,50,Ontario,Hamilton,L8P 2E1,chrisjenkins53@yahoo.com,416-555-7885,Deloitte Canada,Associate,5893,5360,52,ATB Financial,DEV-7084-O,188.16.169.21,yahoo.com,416,true,false,verified,1,1,low,low,low,low,legitimate,low,Income and deposits consistent. Verified employment. No flags.
